[
    {
        "id": 1,
        "name": "Africa",
        "translations": {
            "kr": "아프리카",
            "pt-BR": "África",
            "pt": "África",
            "nl": "Afrika",
            "hr": "Afrika",
            "fa": "آفریقا",
            "de": "Afrika",
            "es": "África",
            "fr": "Afrique",
            "ja": "アフリカ",
            "it": "Africa",
            "cn": "非洲",
            "tr": "Afrika"
        },
        "wikiDataId": "Q15"
    },
    {
        "id": 2,
        "name": "Americas",
        "translations": {
            "kr": "아메리카",
            "pt-BR": "América",
            "pt": "América",
            "nl": "Amerika",
            "hr": "Amerika",
            "fa": "قاره آمریکا",
            "de": "Amerika",
            "es": "América",
            "fr": "Amérique",
            "ja": "アメリカ州",
            "it": "America",
            "cn": "美洲",
            "tr": "Amerika"
        },
        "wikiDataId": "Q828"
    },
    {
        "id": 3,
        "name": "Asia",
        "translations": {
            "kr": "아시아",
            "pt-BR": "Ásia",
            "pt": "Ásia",
            "nl": "Azië",
            "hr": "Ázsia",
            "fa": "آسیا",
            "de": "Asien",
            "es": "Asia",
            "fr": "Asie",
            "ja": "アジア",
            "it": "Asia",
            "cn": "亚洲",
            "tr": "Asya"
        },
        "wikiDataId": "Q48"
    },
    {
        "id": 4,
        "name": "Europe",
        "translations": {
            "kr": "유럽",
            "pt-BR": "Europa",
            "pt": "Europa",
            "nl": "Europa",
            "hr": "Európa",
            "fa": "اروپا",
            "de": "Europa",
            "es": "Europa",
            "fr": "Europe",
            "ja": "ヨーロッパ",
            "it": "Europa",
            "cn": "欧洲",
            "tr": "Avrupa"
        },
        "wikiDataId": "Q46"
    },
    {
        "id": 5,
        "name": "Oceania",
        "translations": {
            "kr": "오세아니아",
            "pt-BR": "Oceania",
            "pt": "Oceania",
            "nl": "Oceanië en Australië",
            "hr": "Óceánia és Ausztrália",
            "fa": "اقیانوسیه",
            "de": "Ozeanien und Australien",
            "es": "Oceanía",
            "fr": "Océanie",
            "ja": "オセアニア",
            "it": "Oceania",
            "cn": "大洋洲",
            "tr": "Okyanusya"
        },
        "wikiDataId": "Q55643"
    },
    {
        "id": 6,
        "name": "Polar",
        "translations": {
            "kr": "남극",
            "pt-BR": "Antártida",
            "pt": "Antártida",
            "nl": "Antarctica",
            "hr": "Antarktika",
            "fa": "جنوبگان",
            "de": "Antarktika",
            "es": "Antártida",
            "fr": "Antarctique",
            "ja": "南極大陸",
            "it": "Antartide",
            "cn": "南極洲",
            "tr": "Antarktika"
        },
        "wikiDataId": "Q51"
    }
]
