[
    {
        "id": 19,
        "name": "Australia and New Zealand",
        "region_id": "5",
        "translations": {
            "korean": "오스트랄라시아",
            "portuguese": "Australásia",
            "dutch": "Australazië",
            "croatian": "Australazija",
            "persian": "استرالزی",
            "german": "Australasien",
            "spanish": "Australasia",
            "french": "Australasie",
            "japanese": "オーストララシア",
            "italian": "Australasia",
            "chinese": "澳大拉西亞"
        },
        "wikiDataId": "Q45256"
    },
    {
        "id": 7,
        "name": "Caribbean",
        "region_id": "2",
        "translations": {
            "korean": "카리브",
            "portuguese": "Caraíbas",
            "dutch": "Caraïben",
            "croatian": "Karibi",
            "persian": "کارائیب",
            "german": "Karibik",
            "spanish": "Caribe",
            "french": "Caraïbes",
            "japanese": "カリブ海地域",
            "italian": "Caraibi",
            "chinese": "加勒比地区"
        },
        "wikiDataId": "Q664609"
    },
    {
        "id": 9,
        "name": "Central America",
        "region_id": "2",
        "translations": {
            "korean": "중앙아메리카",
            "portuguese": "América Central",
            "dutch": "Centraal-Amerika",
            "croatian": "Srednja Amerika",
            "persian": "آمریکای مرکزی",
            "german": "Zentralamerika",
            "spanish": "América Central",
            "french": "Amérique centrale",
            "japanese": "中央アメリカ",
            "italian": "America centrale",
            "chinese": "中美洲"
        },
        "wikiDataId": "Q27611"
    },
    {
        "id": 10,
        "name": "Central Asia",
        "region_id": "3",
        "translations": {
            "korean": "중앙아시아",
            "portuguese": "Ásia Central",
            "dutch": "Centraal-Azië",
            "croatian": "Srednja Azija",
            "persian": "آسیای میانه",
            "german": "Zentralasien",
            "spanish": "Asia Central",
            "french": "Asie centrale",
            "japanese": "中央アジア",
            "italian": "Asia centrale",
            "chinese": "中亚"
        },
        "wikiDataId": "Q27275"
    },
    {
        "id": 4,
        "name": "Eastern Africa",
        "region_id": "1",
        "translations": {
            "korean": "동아프리카",
            "portuguese": "África Oriental",
            "dutch": "Oost-Afrika",
            "croatian": "Istočna Afrika",
            "persian": "شرق آفریقا",
            "german": "Ostafrika",
            "spanish": "África Oriental",
            "french": "Afrique de l'Est",
            "japanese": "東アフリカ",
            "italian": "Africa orientale",
            "chinese": "东部非洲"
        },
        "wikiDataId": "Q27407"
    },
    {
        "id": 12,
        "name": "Eastern Asia",
        "region_id": "3",
        "translations": {
            "korean": "동아시아",
            "portuguese": "Ásia Oriental",
            "dutch": "Oost-Azië",
            "croatian": "Istočna Azija",
            "persian": "شرق آسیا",
            "german": "Ostasien",
            "spanish": "Asia Oriental",
            "french": "Asie de l'Est",
            "japanese": "東アジア",
            "italian": "Asia orientale",
            "chinese": "東亞"
        },
        "wikiDataId": "Q27231"
    },
    {
        "id": 15,
        "name": "Eastern Europe",
        "region_id": "4",
        "translations": {
            "korean": "동유럽",
            "portuguese": "Europa de Leste",
            "dutch": "Oost-Europa",
            "croatian": "Istočna Europa",
            "persian": "شرق اروپا",
            "german": "Osteuropa",
            "spanish": "Europa Oriental",
            "french": "Europe de l'Est",
            "japanese": "東ヨーロッパ",
            "italian": "Europa orientale",
            "chinese": "东欧"
        },
        "wikiDataId": "Q27468"
    },
    {
        "id": 20,
        "name": "Melanesia",
        "region_id": "5",
        "translations": {
            "korean": "멜라네시아",
            "portuguese": "Melanésia",
            "dutch": "Melanesië",
            "croatian": "Melanezija",
            "persian": "ملانزی",
            "german": "Melanesien",
            "spanish": "Melanesia",
            "french": "Mélanésie",
            "japanese": "メラネシア",
            "italian": "Melanesia",
            "chinese": "美拉尼西亚"
        },
        "wikiDataId": "Q37394"
    },
    {
        "id": 21,
        "name": "Micronesia",
        "region_id": "5",
        "translations": {
            "korean": "미크로네시아",
            "portuguese": "Micronésia",
            "dutch": "Micronesië",
            "croatian": "Mikronezija",
            "persian": "میکرونزی",
            "german": "Mikronesien",
            "spanish": "Micronesia",
            "french": "Micronésie",
            "japanese": "ミクロネシア",
            "italian": "Micronesia",
            "chinese": "密克罗尼西亚群岛"
        },
        "wikiDataId": "Q3359409"
    },
    {
        "id": 2,
        "name": "Middle Africa",
        "region_id": "1",
        "translations": {
            "korean": "중앙아프리카",
            "portuguese": "África Central",
            "dutch": "Centraal-Afrika",
            "croatian": "Srednja Afrika",
            "persian": "مرکز آفریقا",
            "german": "Zentralafrika",
            "spanish": "África Central",
            "french": "Afrique centrale",
            "japanese": "中部アフリカ",
            "italian": "Africa centrale",
            "chinese": "中部非洲"
        },
        "wikiDataId": "Q27433"
    },
    {
        "id": 1,
        "name": "Northern Africa",
        "region_id": "1",
        "translations": {
            "korean": "북아프리카",
            "portuguese": "Norte de África",
            "dutch": "Noord-Afrika",
            "croatian": "Sjeverna Afrika",
            "persian": "شمال آفریقا",
            "german": "Nordafrika",
            "spanish": "Norte de África",
            "french": "Afrique du Nord",
            "japanese": "北アフリカ",
            "italian": "Nordafrica",
            "chinese": "北部非洲"
        },
        "wikiDataId": "Q27381"
    },
    {
        "id": 6,
        "name": "Northern America",
        "region_id": "2",
        "translations": {
            "korean": "북미",
            "portuguese": "América Setentrional",
            "dutch": "Noord-Amerika",
            "persian": "شمال آمریکا",
            "german": "Nordamerika",
            "spanish": "América Norteña",
            "french": "Amérique septentrionale",
            "japanese": "北部アメリカ",
            "italian": "America settentrionale",
            "chinese": "北美地區"
        },
        "wikiDataId": "Q2017699"
    },
    {
        "id": 18,
        "name": "Northern Europe",
        "region_id": "4",
        "translations": {
            "korean": "북유럽",
            "portuguese": "Europa Setentrional",
            "dutch": "Noord-Europa",
            "croatian": "Sjeverna Europa",
            "persian": "شمال اروپا",
            "german": "Nordeuropa",
            "spanish": "Europa del Norte",
            "french": "Europe du Nord",
            "japanese": "北ヨーロッパ",
            "italian": "Europa settentrionale",
            "chinese": "北歐"
        },
        "wikiDataId": "Q27479"
    },
    {
        "id": 22,
        "name": "Polynesia",
        "region_id": "5",
        "translations": {
            "korean": "폴리네시아",
            "portuguese": "Polinésia",
            "dutch": "Polynesië",
            "croatian": "Polinezija",
            "persian": "پلی‌نزی",
            "german": "Polynesien",
            "spanish": "Polinesia",
            "french": "Polynésie",
            "japanese": "ポリネシア",
            "italian": "Polinesia",
            "chinese": "玻里尼西亞"
        },
        "wikiDataId": "Q35942"
    },
    {
        "id": 8,
        "name": "South America",
        "region_id": "2",
        "translations": {
            "korean": "남아메리카",
            "portuguese": "América do Sul",
            "dutch": "Zuid-Amerika",
            "croatian": "Južna Amerika",
            "persian": "آمریکای جنوبی",
            "german": "Südamerika",
            "spanish": "América del Sur",
            "french": "Amérique du Sud",
            "japanese": "南アメリカ",
            "italian": "America meridionale",
            "chinese": "南美洲"
        },
        "wikiDataId": "Q18"
    },
    {
        "id": 13,
        "name": "South-Eastern Asia",
        "region_id": "3",
        "translations": {
            "korean": "동남아시아",
            "portuguese": "Sudeste Asiático",
            "dutch": "Zuidoost-Azië",
            "croatian": "Jugoistočna Azija",
            "persian": "جنوب شرق آسیا",
            "german": "Südostasien",
            "spanish": "Sudeste Asiático",
            "french": "Asie du Sud-Est",
            "japanese": "東南アジア",
            "italian": "Sud-est asiatico",
            "chinese": "东南亚"
        },
        "wikiDataId": "Q11708"
    },
    {
        "id": 5,
        "name": "Southern Africa",
        "region_id": "1",
        "translations": {
            "korean": "남아프리카",
            "portuguese": "África Austral",
            "dutch": "Zuidelijk Afrika",
            "croatian": "Južna Afrika",
            "persian": "جنوب آفریقا",
            "german": "Südafrika",
            "spanish": "África austral",
            "french": "Afrique australe",
            "japanese": "南部アフリカ",
            "italian": "Africa australe",
            "chinese": "南部非洲"
        },
        "wikiDataId": "Q27394"
    },
    {
        "id": 14,
        "name": "Southern Asia",
        "region_id": "3",
        "translations": {
            "korean": "남아시아",
            "portuguese": "Ásia Meridional",
            "dutch": "Zuid-Azië",
            "croatian": "Južna Azija",
            "persian": "جنوب آسیا",
            "german": "Südasien",
            "spanish": "Asia del Sur",
            "french": "Asie du Sud",
            "japanese": "南アジア",
            "italian": "Asia meridionale",
            "chinese": "南亚"
        },
        "wikiDataId": "Q771405"
    },
    {
        "id": 16,
        "name": "Southern Europe",
        "region_id": "4",
        "translations": {
            "korean": "남유럽",
            "portuguese": "Europa meridional",
            "dutch": "Zuid-Europa",
            "croatian": "Južna Europa",
            "persian": "جنوب اروپا",
            "german": "Südeuropa",
            "spanish": "Europa del Sur",
            "french": "Europe du Sud",
            "japanese": "南ヨーロッパ",
            "italian": "Europa meridionale",
            "chinese": "南欧"
        },
        "wikiDataId": "Q27449"
    },
    {
        "id": 3,
        "name": "Western Africa",
        "region_id": "1",
        "translations": {
            "korean": "서아프리카",
            "portuguese": "África Ocidental",
            "dutch": "West-Afrika",
            "croatian": "Zapadna Afrika",
            "persian": "غرب آفریقا",
            "german": "Westafrika",
            "spanish": "África Occidental",
            "french": "Afrique de l'Ouest",
            "japanese": "西アフリカ",
            "italian": "Africa occidentale",
            "chinese": "西非"
        },
        "wikiDataId": "Q4412"
    },
    {
        "id": 11,
        "name": "Western Asia",
        "region_id": "3",
        "translations": {
            "korean": "서아시아",
            "portuguese": "Sudoeste Asiático",
            "dutch": "Zuidwest-Azië",
            "croatian": "Jugozapadna Azija",
            "persian": "غرب آسیا",
            "german": "Vorderasien",
            "spanish": "Asia Occidental",
            "french": "Asie de l'Ouest",
            "japanese": "西アジア",
            "italian": "Asia occidentale",
            "chinese": "西亚"
        },
        "wikiDataId": "Q27293"
    },
    {
        "id": 17,
        "name": "Western Europe",
        "region_id": "4",
        "translations": {
            "korean": "서유럽",
            "portuguese": "Europa Ocidental",
            "dutch": "West-Europa",
            "croatian": "Zapadna Europa",
            "persian": "غرب اروپا",
            "german": "Westeuropa",
            "spanish": "Europa Occidental",
            "french": "Europe de l'Ouest",
            "japanese": "西ヨーロッパ",
            "italian": "Europa occidentale",
            "chinese": "西欧"
        },
        "wikiDataId": "Q27496"
    }
]
